event_date,actual_volume,rolling_4w_median,is_china,is_domestic
2026-01-01,107,102,0,1
2026-01-02,114,109,0,1
2026-01-03,121,116,1,0
2026-01-04,128,123,0,1
2026-01-05,135,130,0,1
2026-01-06,142,137,1,0
2026-01-07,149,144,0,1
2026-01-08,156,151,0,1
2026-01-09,103,98,1,0
2026-01-10,110,105,0,1
2026-01-11,117,112,0,1
2026-01-12,124,119,1,0
2026-01-13,131,126,0,1
2026-01-14,138,133,0,1
2026-01-15,145,140,1,0
2026-01-16,152,147,0,1
2026-01-17,159,154,0,1
2026-01-18,106,101,1,0
2026-01-19,113,108,0,1
2026-01-20,120,115,0,1
2026-01-21,127,122,1,0
2026-01-22,134,129,0,1
2026-01-23,141,136,0,1
2026-01-24,148,143,1,0
2026-01-25,155,150,0,1
2026-01-26,102,97,0,1
2026-01-27,109,104,1,0
2026-01-28,116,111,0,1
2026-01-29,123,118,0,1
2026-01-30,130,125,1,0
2026-01-31,137,132,0,1
2026-02-01,144,139,0,1
2026-02-02,151,146,1,0
2026-02-03,158,153,0,1
2026-02-04,105,100,0,1
2026-02-05,112,107,1,0
2026-02-06,119,114,0,1
2026-02-07,126,121,0,1
2026-02-08,133,128,1,0
2026-02-09,140,135,0,1
2026-02-10,147,142,0,1
2026-02-11,154,149,1,0
2026-02-12,101,96,0,1
2026-02-13,108,103,0,1
2026-02-14,115,110,1,0
2026-02-15,122,117,0,1
2026-02-16,129,124,0,1
2026-02-17,136,131,1,0
2026-02-18,143,138,0,1
2026-02-19,150,145,0,1
2026-02-20,157,152,1,0
2026-02-21,104,99,0,1
2026-02-22,111,106,0,1
2026-02-23,118,113,1,0
2026-02-24,125,120,0,1
2026-02-25,132,127,0,1
2026-02-26,139,134,1,0
2026-02-27,146,141,0,1
2026-02-28,153,148,0,1
2026-03-01,100,95,1,0
2026-03-02,107,102,0,1
2026-03-03,114,109,0,1
2026-03-04,121,116,1,0
2026-03-05,128,123,0,1
2026-03-06,135,130,0,1
2026-03-07,142,137,1,0
2026-03-08,149,144,0,1
2026-03-09,156,151,0,1
2026-03-10,103,98,1,0
2026-03-11,110,105,0,1
2026-03-12,117,112,0,1
2026-03-13,124,119,1,0
2026-03-14,131,126,0,1
2026-03-15,138,133,0,1
2026-03-16,145,140,1,0
2026-03-17,152,147,0,1
2026-03-18,159,154,0,1
2026-03-19,106,101,1,0
2026-03-20,113,108,0,1
2026-03-21,120,115,0,1
2026-03-22,127,122,1,0
2026-03-23,134,129,0,1
2026-03-24,141,136,0,1
2026-03-25,148,143,1,0
2026-03-26,155,150,0,1
2026-03-27,102,97,0,1
2026-03-28,109,104,1,0
2026-03-29,116,111,0,1
2026-03-30,123,118,0,1
2026-03-31,130,125,1,0
2026-04-01,137,132,0,1
2026-04-02,144,139,0,1
2026-04-03,151,146,1,0
2026-04-04,158,153,0,1
2026-04-05,105,100,0,1
2026-04-06,112,107,1,0
2026-04-07,119,114,0,1
2026-04-08,126,121,0,1
2026-04-09,133,128,1,0
2026-04-10,140,135,0,1
2026-04-11,147,142,0,1
2026-04-12,154,149,1,0
2026-04-13,101,96,0,1
2026-04-14,108,103,0,1
2026-04-15,115,110,1,0
2026-04-16,122,117,0,1
2026-04-17,129,124,0,1
2026-04-18,136,131,1,0
2026-04-19,143,138,0,1
2026-04-20,150,145,0,1
2026-04-21,157,152,1,0
2026-04-22,104,99,0,1
2026-04-23,111,106,0,1
2026-04-24,118,113,1,0
2026-04-25,125,120,0,1
2026-04-26,132,127,0,1
2026-04-27,139,134,1,0
2026-04-28,146,141,0,1
2026-04-29,153,148,0,1
2026-04-30,100,95,1,0
2026-05-01,107,102,0,1
2026-05-02,114,109,0,1
2026-05-03,121,116,1,0
2026-05-04,128,123,0,1
2026-05-05,135,130,0,1
2026-05-06,142,137,1,0
2026-05-07,149,144,0,1
2026-05-08,156,151,0,1
2026-05-09,103,98,1,0
2026-05-10,110,105,0,1
2026-05-11,117,112,0,1
2026-05-12,124,119,1,0
2026-05-13,131,126,0,1
2026-05-14,138,133,0,1
2026-05-15,145,140,1,0
2026-05-16,152,147,0,1
2026-05-17,159,154,0,1
2026-05-18,106,101,1,0
2026-05-19,113,108,0,1
2026-05-20,120,115,0,1
